<?xml version="1.0" encoding="UTF-8" ?>
<!DOCTYPE mapper PUBLIC "-//mybatis.org//DTD Mapper 3.0//EN" "http://mybatis.org/dtd/mybatis-3-mapper.dtd" >
<mapper namespace="com.gx.dao.CommodityDao" >
  <resultMap id="BaseResultMap" type="com.gx.po.CommodityPo" >
    <!--
      WARNING - @mbggenerated
      This element is automatically generated by MyBatis Generator, do not modify.
      This element was generated on Sun Oct 16 19:18:30 CST 2016.
    -->
    <constructor >
      <idArg column="id" jdbcType="INTEGER" javaType="java.lang.Integer" />
      <arg column="commodityTypeID" jdbcType="INTEGER" javaType="java.lang.Integer" />
      <arg column="uOMID" jdbcType="INTEGER" javaType="java.lang.Integer" />
      <arg column="commodityName" jdbcType="VARCHAR" javaType="java.lang.String" />
      <arg column="salePrice" jdbcType="DOUBLE" javaType="java.lang.Double" />
    </constructor>
  </resultMap>

<!--   新增 -->
  <insert id="insertAll" parameterType="com.gx.po.CommodityPo" >
     INSERT INTO commodity (commodityTypeID,uOMID,commodityName,salePrice)
     values (#{commodityTypeID,jdbcType=INTEGER},
             #{uOMID,jdbcType=INTEGER},
             #{commodityName,jdbcType=VARCHAR},
             #{salePrice,jdbcType=VARCHAR})
  </insert>
  
<!--   查询全部 -->
  <!-- <select id="selectAll" resultType="com.gx.po.RoomSetPo" >
    SELECT r.*,a.attributeDetailsName AS guestRoomLevelName,b.attributeDetailsName AS roomName 
    FROM room r INNER JOIN attributedetails a ON r.guestRoomLevelID=a.id 
    INNER JOIN attributedetails b ON r.roomStateID=b.id order by r.roomNumber ASC  
  </select> -->
  
<!--   修改要用的精确查询 -->
   <select id="selectById" resultType="com.gx.po.CommodityPo" parameterType="java.lang.Integer">
    select * from commodity where id=#{id,jdbcType=INTEGER}
   </select>
   
<!--    修改 -->
   <update id="updateById" parameterType="com.gx.po.CommodityPo">
      UPDATE commodity SET commodityTypeID=#{commodityTypeID,jdbcType=INTEGER},
			             uOMID=#{uOMID,jdbcType=INTEGER},
			             commodityName=#{commodityName,jdbcType=VARCHAR},
			             salePrice=#{salePrice,jdbcType=DOUBLE}
                   WHERE id = #{id,jdbcType=INTEGER}
   </update>
   
   <delete id="deleteById" parameterType="java.lang.Integer">
    DELETE FROM commodity WHERE id = #{id,jdbcType=INTEGER}
  </delete>
  

  <!--   分页模糊查询 -->
   <select id="pageFuzzyselect" resultType="com.gx.po.CommodityPo">
      select c.*,a.attributeDetailsName as commodityTypeName,b.attributeDetailsName as uOMName 
    from commodity c INNER JOIN attributedetails a on c.commodityTypeID=a.id 
    INNER JOIN attributedetails b on c.uOMID =b.id   
    WHERE commodityName like CONCAT('%',#{commodityName,jdbcType=VARCHAR},'%') 
    and commodityTypeID=#{commodityTypeID,jdbcType=INTEGER}
    limit #{start},#{pageSize}
  </select>
  
  
  <select id="countFuzzyselect" resultType="java.lang.Integer">
      select count(*) from commodity c INNER JOIN attributedetails a on c.commodityTypeID=a.id 
    INNER JOIN attributedetails b on c.uOMID =b.id   
    WHERE commodityName like CONCAT('%',#{commodityName,jdbcType=VARCHAR},'%') 
    and commodityTypeID=#{commodityTypeID,jdbcType=INTEGER}
  </select>
  
  
  <select id="selectYZ" resultType="java.lang.Integer">
    SELECT COUNT(*) FROM commodity Where commodityName=#{commodityName}
  </select>
  
  
  
  
  
  
  
  <!--   无分页模糊查询 -->
   <select id="fuzzySelect" resultType="com.gx.po.CommodityPo">
      select c.*,a.attributeDetailsName as commodityTypeName,b.attributeDetailsName as uOMName 
    from commodity c INNER JOIN attributedetails a on c.commodityTypeID=a.id 
    INNER JOIN attributedetails b on c.uOMID =b.id   
    WHERE commodityName like CONCAT('%',#{commodityName,jdbcType=VARCHAR},'%') 
    and commodityTypeID=#{commodityTypeID,jdbcType=INTEGER}
  </select>
  
  
          
</mapper>