<?xml version="1.0" encoding="UTF-8" ?>
<!DOCTYPE mapper PUBLIC "-//mybatis.org//DTD Mapper 3.0//EN" "http://mybatis.org/dtd/mybatis-3-mapper.dtd" >
<mapper namespace="com.gx.dao.ReceiveTargetDao" >
  <resultMap id="BaseResultMap" type="com.gx.po.ReceiveTargetPo" >
    <!--
      WARNING - @mbggenerated
      This element is automatically generated by MyBatis Generator, do not modify.
      This element was generated on Sun Oct 16 19:18:30 CST 2016.
    -->
    <constructor >
      <idArg column="id" jdbcType="INTEGER" javaType="java.lang.Integer" />
      <arg column="targetTypeID" jdbcType="INTEGER" javaType="java.lang.Integer" />
      <arg column="principal" jdbcType="VARCHAR" javaType="java.lang.String" />
      <arg column="teamName" jdbcType="VARCHAR" javaType="java.lang.String" />
      <arg column="teamCode" jdbcType="VARCHAR" javaType="java.lang.String" />
      <arg column="registerTime" jdbcType="TIMESTAMP" javaType="java.sql.Timestamp" />
      <arg column="contactPhoneNUmber" jdbcType="VARCHAR" javaType="java.lang.String" />
    </constructor>
  </resultMap>

<!--   新增 -->
  <insert id="insertAll" parameterType="com.gx.po.ReceiveTargetPo" >
     INSERT INTO receivetarget (targetTypeID,principal,teamName,teamCode,registerTime,contactPhoneNUmber)
     values (#{targetTypeID,jdbcType=INTEGER},
             #{principal,jdbcType=VARCHAR},
             #{teamName,jdbcType=VARCHAR},
             #{teamCode,jdbcType=VARCHAR},
             #{registerTime,jdbcType=TIMESTAMP},
             #{contactPhoneNUmber,jdbcType=VARCHAR})
  </insert>
  
<!--   查询全部 -->
  <!-- <select id="selectAll" resultType="com.gx.po.RoomSetPo" >
    SELECT r.*,a.attributeDetailsName AS guestRoomLevelName,b.attributeDetailsName AS roomName 
    FROM room r INNER JOIN attributedetails a ON r.guestRoomLevelID=a.id 
    INNER JOIN attributedetails b ON r.roomStateID=b.id order by r.roomNumber ASC  
  </select> -->
  
<!--   修改要用的精确查询 -->
   <select id="selectById" resultType="com.gx.po.ReceiveTargetPo" parameterType="java.lang.Integer">
    select * from receivetarget where id=#{id,jdbcType=INTEGER}
   </select>
   
<!--    修改 -->
   <update id="updateById" parameterType="com.gx.po.ReceiveTargetPo">
      UPDATE receivetarget SET targetTypeID=#{targetTypeID,jdbcType=INTEGER},
			             principal=#{principal,jdbcType=VARCHAR},
			             teamName=#{teamName,jdbcType=VARCHAR},
			             teamCode=#{teamCode,jdbcType=VARCHAR},
			             registerTime=#{registerTime,jdbcType=TIMESTAMP},
			             contactPhoneNUmber=#{contactPhoneNUmber,jdbcType=VARCHAR}
                   WHERE id = #{id,jdbcType=INTEGER}
   </update>
   
   <delete id="deleteById" parameterType="java.lang.Integer">
    DELETE FROM receivetarget WHERE id = #{id,jdbcType=INTEGER}
  </delete>
  
   <!--   分页模糊查询 -->
   <select id="pageFuzzyselect" resultType="com.gx.po.ReceiveTargetPo">
      SELECT r.*,a.attributeDetailsName AS targetTypeName FROM receivetarget r INNER JOIN 
    attributedetails a ON  r.targetTypeID=a.id   
    WHERE teamName like CONCAT('%',#{teamName,jdbcType=VARCHAR},'%') 
    limit #{start},#{pageSize}
  </select>
  
  
  <select id="countFuzzyselect" resultType="java.lang.Integer">
    SELECT count(*) FROM receivetarget r INNER JOIN attributedetails a ON  r.targetTypeID=a.id   
    WHERE teamName like CONCAT('%',#{teamName,jdbcType=VARCHAR},'%')
  </select>
  
  <!--   ajax查询 预订所用-->
   <select id="ajaxSelect" resultType="com.gx.po.ReceiveTargetPo">
      SELECT r.*,a.attributeDetailsName AS targetTypeName FROM receivetarget r INNER JOIN 
    attributedetails a ON  r.targetTypeID=a.id   
    WHERE teamName like CONCAT('%',#{teamName,jdbcType=VARCHAR},'%') 
  </select>
  
  
  
   <select id="selectYZ" resultType="java.lang.Integer">
    SELECT COUNT(*) FROM receivetarget Where teamCode=#{teamCode}
  </select>
          
</mapper>