<?xml version="1.0" encoding="UTF-8" ?>
<!DOCTYPE mapper PUBLIC "-//mybatis.org//DTD Mapper 3.0//EN" "http://mybatis.org/dtd/mybatis-3-mapper.dtd" >
<mapper namespace="com.gx.dao.UserDao" >
  <resultMap id="BaseResultMap" type="com.gx.po.UserPo" >
    <!--
      WARNING - @mbggenerated
      This element is automatically generated by MyBatis Generator, do not modify.
      This element was generated on Sun Oct 16 19:18:30 CST 2016.
    -->
    <constructor >
      <idArg column="id" jdbcType="INTEGER" javaType="java.lang.Integer" />
      <arg column="userName" jdbcType="VARCHAR" javaType="java.lang.String" />
      <arg column="password" jdbcType="VARCHAR" javaType="java.lang.String" />
    </constructor>
  </resultMap>

  
  <select id="selectLogin" resultType="com.gx.po.UserPo" >
    Select * From users Where userName = #{userName,jdbcType=VARCHAR} And password = #{password,jdbcType=VARCHAR}
  </select>
  
  
  
</mapper>