<?xml version="1.0" encoding="UTF-8"?>
<beans
	xmlns="http://www.springframework.org/schema/beans"
	xmlns:xsi="http://www.w3.org/2001/XMLSchema-instance"
	xmlns:p="http://www.springframework.org/schema/p"
	xmlns:context="http://www.springframework.org/schema/context"
	xmlns:aop="http://www.springframework.org/schema/aop"
	xmlns:tx="http://www.springframework.org/schema/tx"  
	xsi:schemaLocation="
	http://www.springframework.org/schema/tx
    http://www.springframework.org/schema/tx/spring-tx-3.1.xsd
	http://www.springframework.org/schema/aop   
    http://www.springframework.org/schema/aop/spring-aop-3.1.xsd
	http://www.springframework.org/schema/context  
    http://www.springframework.org/schema/context/spring-context-3.1.xsd  
	http://www.springframework.org/schema/beans 
	http://www.springframework.org/schema/beans/spring-beans-3.1.xsd">
	
	<!-- properties配置文件 -->  
	<bean id="dbProperties" class="org.springframework.beans.factory.config.PropertyPlaceholderConfigurer">
	     <!-- 是否忽略不可解析的 -->  
		<property name="ignoreUnresolvablePlaceholders" value="true" />
		 <property name="locations">  
            <list>  
                <value>classpath:jdbc.properties</value>  
            </list>  
        </property>  
	</bean>
	
	<!-- ========================================配置数据源========================================= -->
    <!-- 配置数据源，使用的是alibaba的Druid(德鲁伊)数据源 -->
    <bean id="dataSource" class="com.alibaba.druid.pool.DruidDataSource" init-method="init" destroy-method="close">
        <property name="url" value="${url}" />
        <property name="username" value="${username}" />
        <property name="password" value="${password}" />
        <!-- 初始化连接大小 -->
        <property name="initialSize" value="0" />
        <!-- 连接池最大使用连接数量 -->
        <property name="maxActive" value="20" />
        <!-- 连接池最大空闲 -->
        <property name="maxIdle" value="20" />
        <!-- 连接池最小空闲 -->
        <property name="minIdle" value="0" />
        <!-- 获取连接最大等待时间 -->
        <property name="maxWait" value="60000" />
        <property name="validationQuery" value="${validationQuery}" />
        <property name="testOnBorrow" value="false" />
        <property name="testOnReturn" value="false" />
        <property name="testWhileIdle" value="true" />
        <!-- 配置间隔多久才进行一次检测，检测需要关闭的空闲连接，单位是毫秒 -->
        <property name="timeBetweenEvictionRunsMillis" value="60000" />
        <!-- 配置一个连接在池中最小生存的时间，单位是毫秒 -->
        <property name="minEvictableIdleTimeMillis" value="25200000" />
        <!-- 打开removeAbandoned功能 -->
        <property name="removeAbandoned" value="true" />
        <!-- 1800秒，也就是30分钟 -->
        <property name="removeAbandonedTimeout" value="1800" />
        <!-- 关闭abanded连接时输出错误日志 -->
        <property name="logAbandoned" value="true" />
        <!-- 监控数据库 -->
        <!-- <property name="filters" value="stat" /> -->
        <property name="filters" value="mergeStat" />
    </bean>
	
	<!-- ========================================针对myBatis的配置项============================== -->
    <!-- 配置sqlSessionFactory -->
    <bean id="sqlSessionFactory" class="org.mybatis.spring.SqlSessionFactoryBean">
        <!-- 实例化sqlSessionFactory时需要使用上述配置好的数据源以及SQL映射文件 -->
        <property name="dataSource" ref="dataSource" />
       	<!-- 自动扫描Mybatis的Mapper.xml文件 -->
		<property name="mapperLocations" value="classpath:com/gx/mapping/*.xml" />
    </bean>
    
    <!-- 配置扫描器 -->
    <bean class="org.mybatis.spring.mapper.MapperScannerConfigurer">
        <!-- 扫描com.gx.dao这个包以及它的子包下的所有映射接口类 -->
        <property name="basePackage" value="com.gx.dao" />
        <property name="sqlSessionFactoryBeanName" value="sqlSessionFactory" />
    </bean>
	
	<!-- 配置事务管理器 -->
	<bean id="transactionManager" class="org.springframework.jdbc.datasource.DataSourceTransactionManager">
		<property name="dataSource" ref="dataSource" />
	</bean>
	
	<!-- 拦截器方式配置事物 -->
	<tx:advice id="transactionAdvice" transaction-manager="transactionManager">
		<tx:attributes>
			<tx:method name="add*" propagation="REQUIRED" />
			<tx:method name="append*" propagation="REQUIRED" />
			<tx:method name="insert*" propagation="REQUIRED" />
			<tx:method name="save*" propagation="REQUIRED" />
			<tx:method name="update*" propagation="REQUIRED" />
			<tx:method name="modify*" propagation="REQUIRED" />
			<tx:method name="edit*" propagation="REQUIRED" />
			<tx:method name="delete*" propagation="REQUIRED" />
			<tx:method name="remove*" propagation="REQUIRED" />
			<tx:method name="repair" propagation="REQUIRED" />
			<tx:method name="delAndRepair" propagation="REQUIRED" />
			<tx:method name="get*" propagation="SUPPORTS" />
			<tx:method name="find*" propagation="SUPPORTS" />
			<tx:method name="load*" propagation="SUPPORTS" />
			<tx:method name="search*" propagation="SUPPORTS" />
			<tx:method name="datagrid*" propagation="SUPPORTS" />
			<tx:method name="*" propagation="SUPPORTS" />
		</tx:attributes>
	</tx:advice>
	<aop:config>
		<aop:pointcut id="transactionPointcut" expression="execution(* com.gx.service..*Impl.*(..))" />
		<aop:advisor pointcut-ref="transactionPointcut" advice-ref="transactionAdvice" />
	</aop:config>
	<!-- 配置druid监控spring jdbc -->
	<bean id="druid-stat-interceptor" class="com.alibaba.druid.support.spring.stat.DruidStatInterceptor"></bean>
	<bean id="druid-stat-pointcut" class="org.springframework.aop.support.JdkRegexpMethodPointcut" scope="prototype">
		<property name="patterns">
			<list>
				<value>com.gx.service.*</value>
			</list>
		</property>
	</bean>
	<aop:config>
		<aop:advisor advice-ref="druid-stat-interceptor" pointcut-ref="druid-stat-pointcut" />
	</aop:config>
	
	</beans>