<?xml version="1.0" encoding="UTF-8"?>
<beans xmlns="http://www.springframework.org/schema/beans" 
xmlns:mvc="http://www.springframework.org/schema/mvc" 
xmlns:xsi="http://www.w3.org/2001/XMLSchema-instance" 
xmlns:p="http://www.springframework.org/schema/p" 
xmlns:context="http://www.springframework.org/schema/context"
		xsi:schemaLocation="http://www.springframework.org/schema/beans 
		http://www.springframework.org/schema/beans/spring-beans.xsd 
		http://www.springframework.org/schema/context 
		http://www.springframework.org/schema/context/spring-context.xsd 
		http://www.springframework.org/schema/mvc 
		http://www.springframework.org/schema/mvc/spring-mvc.xsd">
	<!-- 自动扫描controller包下的所有类，使其认为spring mvc的控制器 -->
	<context:component-scan base-package="com.gx.web">
		<context:include-filter type="annotation" expression="org.springframework.stereotype.Controller"/>
	</context:component-scan>
	<!-- 日期转换  必须放在<mvc:annotation-driven />前面 -->
	<bean class="org.springframework.web.servlet.mvc.annotation.AnnotationMethodHandlerAdapter"></bean>


	<mvc:annotation-driven >
	   <mvc:message-converters>
		  <bean class="org.springframework.http.converter.StringHttpMessageConverter">
		    <property name="supportedMediaTypes">
		      <list>
		        <value>application/json;charset=UTF-8</value>
		        <value>application/x-www-form-urlencoded;charset=UTF-8</value>
		      </list>
		    </property>
		  </bean>
	   </mvc:message-converters>  
	</mvc:annotation-driven>
	
	
	<!-- 启动Spring MVC的注解功能，完成请求和注解POJO的映射 -->  
    <bean class="org.springframework.web.servlet.mvc.annotation.AnnotationMethodHandlerAdapter"/>
	<!-- 对模型视图名称的解析，即在模型视图名称添加前后缀 -->  
    <bean class="org.springframework.web.servlet.view.InternalResourceViewResolver" >  
        <property name="prefix" value="/WEB-INF/jsp"></property>  
        <property name="suffix" value=".jsp"></property>  
    </bean>  
</beans>